{
  "chunks": [
    {
      "_type": 1000,
      "value_1": 4,
      "value_2": 64,
      "value_3": 368,
      "value_4": 0,
      "version": 48
    },
    {
      "_type": 2000,
      "floats": [
        10.0,
        0.3764705955982208,
        0.658823549747467,
        0.8745098114013672,
        1.0,
        1.0,
        1.0,
        0.3921568691730499,
        0.7254902124404907,
        0.7803921699523926,
        0.3199999928474426,
        -0.8500000238418579,
        0.41999998688697815,
        50.0,
        500.0,
        160.0,
        500.0,
        8500.0,
        8000.0,
        100.0,
        1400.0,
        160.0,
        500.0,
        8500.0,
        8000.0
      ],
      "ids": [],
      "sky": [
        "mesh\\env\\nexustower\\env_sky_nx_towerblack.nif",
        "(invalid)",
        "(invalid)",
        "(invalid)",
        "(invalid)",
        "(invalid)"
      ]
    },
    {
      "_type": 2001,
      "objects": [
        {
          "id": 28037546508301,
          "lot": 14189,
          "pos": {
            "pos": {
              "x": -58.720001220703125,
              "y": 1129.6600341796875,
              "z": 211.2596893310547
            },
            "rot": {
              "w": 0.9961029291152954,
              "x": 0.0,
              "y": 0.08819889277219772,
              "z": 0.0
            }
          },
          "scale": 1.0,
          "settings": {
            "CheckPrecondition": "",
            "add_to_navmesh": true,
            "bounding_radius_override": 0.0,
            "camGradSnap": false,
            "camPrefersToFadeObject": false,
            "carver_only": false,
            "create_physics": true,
            "custom_config_names": "",
            "friction": 1.5,
            "fxpriority": 0,
            "ignoreCameraCollision": false,
            "interaction_distance": 16.0,
            "is_smashable": false,
            "loadOnClientOnly": false,
            "loadSrvrOnly": false,
            "navmesh_carver": false,
            "renderCullingGroup": 0,
            "sceneIDOverride": 102,
            "sceneIDOverrideEnabled": true,
            "sceneLayerIDOverride": 0,
            "template": -1
          },
          "value_1": 1,
          "value_2": 1,
          "value_3": 0
        }
      ]
    }
  ]
}
