{
  "airSpeed": 9.0,
  "boundaryAsset": null,
  "collisionGroup": 10,
  "doublejump": 2.299999952316284,
  "friction": null,
  "gravityVolumeAsset": null,
  "id": 7234,
  "jump": 4.699999809265137,
  "jumpAirSpeed": 25.0,
  "pcShapeType": 0,
  "physics_asset": "minifig\\minifig_physics.hkx",
  "playerHeight": 4.400000095367432,
  "playerRadius": 1.7000000476837158,
  "rotSpeed": 0.006500000134110451,
  "speed": 25.0,
  "static": 0.0
}
