{
  "chunks": [
    {
      "_type": 1000,
      "value_1": 18,
      "value_2": 64,
      "value_3": 352,
      "value_4": 0,
      "version": 47
    },
    {
      "_type": 2000,
      "floats": [
        10.0,
        0.41960784792900085,
        0.6196078658103943,
        0.7490196228027344,
        1.0,
        1.0,
        1.0,
        1.0,
        1.0,
        1.0,
        -0.47999998927116394,
        -0.8600000143051147,
        -0.1899999976158142,
        100.0,
        250.0,
        50.0,
        50.0,
        1000.0,
        350.0,
        100.0,
        300.0,
        100.0,
        100.0,
        1000.0,
        350.0
      ],
      "ids": [],
      "sky": [
        "mesh\\env\\env_sky_won_nim_hills.nif",
        "(invalid)",
        "(invalid)",
        "(invalid)",
        "(invalid)",
        "(invalid)"
      ]
    },
    {
      "_type": 2001,
      "objects": [
        {
          "id": 8796093022289,
          "lot": 6360,
          "pos": {
            "pos": {
              "x": 106.14515686035156,
              "y": 374.6651306152344,
              "z": -200.01560974121094
            },
            "rot": {
              "w": 1.0,
              "x": 0.0,
              "y": 0.0,
              "z": 0.0
            }
          },
          "scale": 1.0,
          "settings": {
            "CheckPrecondition": "",
            "add_to_navmesh": true,
            "bounding_radius_override": 0.0,
            "camGradSnap": false,
            "camPrefersToFadeObject": false,
            "carver_only": false,
            "create_physics": true,
            "custom_config_names": "",
            "friction": 1.5,
            "fxpriority": 0,
            "ignoreCameraCollision": false,
            "interaction_distance": 16.0,
            "is_smashable": false,
            "loadOnClientOnly": false,
            "loadSrvrOnly": false,
            "navmesh_carver": false,
            "renderCullingGroup": 0,
            "sceneIDOverride": 32,
            "sceneIDOverrideEnabled": true,
            "sceneLayerIDOverride": 0,
            "template": -1
          },
          "value_1": 1,
          "value_2": 1,
          "value_3": 0
        },
        {
          "id": 8796093022290,
          "lot": 6441,
          "pos": {
            "pos": {
              "x": 187.5363006591797,
              "y": 380.70001220703125,
              "z": -193.22122192382813
            },
            "rot": {
              "w": 1.0,
              "x": 0.0,
              "y": 0.0,
              "z": 0.0
            }
          },
          "scale": 1.0,
          "settings": {
            "CheckPrecondition": "",
            "add_to_navmesh": true,
            "bounding_radius_override": 0.0,
            "camGradSnap": false,
            "camPrefersToFadeObject": false,
            "carver_only": false,
            "create_physics": true,
            "custom_config_names": "",
            "friction": 1.5,
            "fxpriority": 0,
            "ignoreCameraCollision": false,
            "interaction_distance": 16.0,
            "is_smashable": false,
            "loadOnClientOnly": false,
            "loadSrvrOnly": false,
            "navmesh_carver": false,
            "renderCullingGroup": 0,
            "sceneIDOverride": 32,
            "sceneIDOverrideEnabled": true,
            "sceneLayerIDOverride": 0,
            "surfaceType": 4,
            "template": -1
          },
          "value_1": 1,
          "value_2": 1,
          "value_3": 0
        }
      ]
    }
  ]
}
