{
  "chunks": [
    {
      "_type": 1000,
      "value_1": 16,
      "value_2": 64,
      "value_3": 352,
      "value_4": 0,
      "version": 47
    },
    {
      "_type": 2000,
      "floats": [
        10.0,
        0.41960784792900085,
        0.6196078658103943,
        0.7490196228027344,
        1.0,
        1.0,
        1.0,
        1.0,
        1.0,
        1.0,
        -0.47999998927116394,
        -0.8600000143051147,
        -0.1899999976158142,
        100.0,
        250.0,
        50.0,
        50.0,
        1000.0,
        350.0,
        100.0,
        300.0,
        100.0,
        100.0,
        1000.0,
        350.0
      ],
      "ids": [],
      "sky": [
        "mesh\\env\\env_sky_won_nim_hills.nif",
        "(invalid)",
        "(invalid)",
        "(invalid)",
        "(invalid)",
        "(invalid)"
      ]
    },
    {
      "_type": 2001,
      "objects": [
        {
          "id": 9895604650036,
          "lot": 6430,
          "pos": {
            "pos": {
              "x": 404.33941650390625,
              "y": 447.35552978515625,
              "z": 300.84619140625
            },
            "rot": {
              "w": 0.9999997019767761,
              "x": 0.0,
              "y": 0.0008728724205866456,
              "z": 0.0
            }
          },
          "scale": 1.0,
          "settings": {
            "CheckPrecondition": "",
            "add_to_navmesh": true,
            "bounding_radius_override": 0.0,
            "camGradSnap": false,
            "camPrefersToFadeObject": false,
            "carver_only": false,
            "create_physics": true,
            "custom_config_names": "",
            "friction": 1.5,
            "fxpriority": 0,
            "ignoreCameraCollision": false,
            "interaction_distance": 16.0,
            "is_smashable": false,
            "loadOnClientOnly": false,
            "loadSrvrOnly": false,
            "navmesh_carver": false,
            "renderCullingGroup": 4,
            "sceneIDOverride": 36,
            "sceneIDOverrideEnabled": true,
            "sceneLayerIDOverride": 0,
            "template": -1
          },
          "value_1": 1,
          "value_2": 1,
          "value_3": 0
        }
      ]
    }
  ]
}
