{
  "chunks": [
    {
      "_type": 1000,
      "value_1": 35,
      "value_2": 64,
      "value_3": 352,
      "value_4": 0,
      "version": 48
    },
    {
      "_type": 2000,
      "floats": [
        10.0,
        0.41960784792900085,
        0.6196078658103943,
        0.7490196228027344,
        1.0,
        1.0,
        1.0,
        1.0,
        1.0,
        1.0,
        -0.47999998927116394,
        -0.8600000143051147,
        -0.1899999976158142,
        200.0,
        250.0,
        50.0,
        50.0,
        0.0,
        0.0,
        300.0,
        500.0,
        100.0,
        100.0,
        0.0,
        0.0
      ],
      "ids": [],
      "sky": [
        "mesh\\env\\env_sky_won_ag_to_launch.nif",
        "(invalid)",
        "(invalid)",
        "(invalid)",
        "(invalid)",
        "(invalid)"
      ]
    },
    {
      "_type": 2001,
      "objects": [
        {
          "id": 7696581394662,
          "lot": 3964,
          "pos": {
            "pos": {
              "x": 503.8868408203125,
              "y": 407.5942687988281,
              "z": 161.61558532714844
            },
            "rot": {
              "w": 0.9278349280357361,
              "x": 0.0,
              "y": -0.37299108505249023,
              "z": 0.0
            }
          },
          "scale": 1.0,
          "settings": {
            "CheckPrecondition": "256",
            "add_to_navmesh": true,
            "bounding_radius_override": 0.0,
            "camGradSnap": false,
            "camPrefersToFadeObject": true,
            "carver_only": false,
            "create_physics": true,
            "custom_config_names": "",
            "friction": 1.5,
            "fxpriority": 0,
            "ignoreCameraCollision": false,
            "interaction_distance": 5.0,
            "is_smashable": false,
            "loadOnClientOnly": false,
            "loadSrvrOnly": false,
            "navmesh_carver": false,
            "renderCullingGroup": 3,
            "sceneIDOverride": 4,
            "sceneIDOverrideEnabled": false,
            "sceneLayerIDOverride": 0,
            "template": -1
          },
          "value_1": 1,
          "value_2": 1,
          "value_3": 0
        },
        {
          "id": 7696581394663,
          "lot": 176,
          "pos": {
            "pos": {
              "x": 538.2720336914063,
              "y": 355.5807800292969,
              "z": 212.75985717773438
            },
            "rot": {
              "w": -0.4740584194660187,
              "x": 0.4740644097328186,
              "y": 0.5246566534042358,
              "z": 0.5246589779853821
            }
          },
          "scale": 61.56999588012695,
          "settings": {
            "CamRlBiasAmt": 0.0,
            "CamRlBiasBi": false,
            "CamRlBiasFwd": false,
            "CamRlBiasRet": false,
            "CamRlCamPath": "",
            "CamRlCamRetPath": "",
            "CamRlFaceTgt": true,
            "CamRlPosPath": "",
            "CheckPrecondition": "",
            "NDAEG": "",
            "add_to_navmesh": true,
            "camBehaviorDirectional": false,
            "camBehaviorPitch": false,
            "camBehaviorYaw": false,
            "camDir": "",
            "camGradSnap": false,
            "camLkDir": false,
            "camPitchAngleDown": 120.0,
            "camPitchAngleUp": 60.0,
            "camPrefersToFadeObject": true,
            "cancelBehaviorMovement": false,
            "carver_only": false,
            "create_physics": true,
            "custom_config_names": "renderDisabled",
            "fxpriority": 0,
            "groupID": "Fans3;",
            "ignoreCameraCollision": false,
            "interaction_distance": 16.0,
            "is_smashable": false,
            "loadOnClientOnly": false,
            "loadSrvrOnly": false,
            "navmesh_carver": false,
            "renderCullingGroup": 0,
            "renderDisabled": true,
            "respawnVol": false,
            "respawnVolName": "",
            "rlLeadIn": 1.0,
            "rlLeadOut": -1.0,
            "rspPos": "0.0000\u001f0.0000\u001f0.0000",
            "rspRot": "1.0000 \u001f 0.0000 \u001f 0.0000 \u001f 0.0000",
            "sceneIDOverride": 255,
            "sceneIDOverrideEnabled": false,
            "sceneLayerIDOverride": 0,
            "setsRailCam": false,
            "spawntemplate": 5958,
            "template": -1,
            "trigger_id": "28:5"
          },
          "value_1": 1,
          "value_2": 1,
          "value_3": 0
        }
      ]
    }
  ]
}
