{
  "chunks": [
    {
      "_type": 1000,
      "value_1": 20,
      "value_2": 64,
      "value_3": 0,
      "value_4": 0,
      "version": 47
    },
    {
      "_type": 2000,
      "floats": [
        10.0,
        0.41960784792900085,
        0.6196078658103943,
        0.7490196228027344,
        1.0,
        1.0,
        1.0,
        1.0,
        1.0,
        1.0,
        -0.47999998927116394,
        -0.8600000143051147,
        -0.1899999976158142,
        150.0,
        300.0,
        80.0,
        50.0,
        0.0,
        0.0,
        250.0,
        350.0,
        160.0,
        200.0,
        0.0,
        0.0
      ],
      "ids": [],
      "sky": [
        "mesh\\env\\env_sky_won_nim_hills.nif",
        "(invalid)",
        "(invalid)",
        "(invalid)",
        "(invalid)",
        "(invalid)"
      ]
    }
  ]
}
