{
  "chunks": [
    {
      "_type": 1000,
      "value_1": 58,
      "value_2": 64,
      "value_3": 352,
      "value_4": 0,
      "version": 48
    },
    {
      "_type": 2000,
      "floats": [
        10.0,
        0.5098039507865906,
        0.615686297416687,
        0.8392156958580017,
        0.0,
        0.0,
        0.0,
        0.21568627655506134,
        0.7137255072593689,
        1.0,
        0.0,
        -270.0,
        -180.0,
        100.0,
        500.0,
        2500.0,
        2800.0,
        0.0,
        0.0,
        250.0,
        750.0,
        2500.0,
        2800.0,
        0.0,
        0.0
      ],
      "ids": [],
      "sky": [
        "mesh\\env\\env_sky_ra_gf-beach.nif",
        "(invalid)",
        "(invalid)",
        "(invalid)",
        "(invalid)",
        "(invalid)"
      ]
    },
    {
      "_type": 2001,
      "objects": []
    }
  ]
}
