{
  "chunks": [
    {
      "_type": 1000,
      "value_1": 22,
      "value_2": 64,
      "value_3": 352,
      "value_4": 0,
      "version": 48
    },
    {
      "_type": 2000,
      "floats": [
        10.0,
        0.48627498745918274,
        0.48627498745918274,
        0.48627498745918274,
        0.0,
        0.0,
        0.0,
        0.21176500618457794,
        0.7137259840965271,
        1.0,
        -0.28999999165534973,
        0.9399999976158142,
        -0.17000000178813934,
        100.0,
        800.0,
        3500.0,
        4000.0,
        8000.0,
        8000.0,
        100.0,
        800.0,
        3500.0,
        4000.0,
        8000.0,
        8000.0
      ],
      "ids": [],
      "sky": [
        "mesh\\env\\NG_NinjaGo\\env_nj_mon_sky.nif",
        "(invalid)",
        "(invalid)",
        "(invalid)",
        "(invalid)",
        "(invalid)"
      ]
    },
    {
      "_type": 2001,
      "objects": [
        {
          "id": 8796093032592,
          "lot": 12384,
          "pos": {
            "pos": {
              "x": -167.3051300048828,
              "y": 131.17994689941406,
              "z": -394.2593078613281
            },
            "rot": {
              "w": 0.9602934718132019,
              "x": 0.0,
              "y": -0.27899181842803955,
              "z": 0.0
            }
          },
          "scale": 1.959999918937683,
          "settings": {
            "CamRlBiasAmt": 0.0,
            "CamRlBiasBi": false,
            "CamRlBiasFwd": false,
            "CamRlBiasRet": false,
            "CamRlCamPath": "",
            "CamRlCamRetPath": "",
            "CamRlFaceTgt": true,
            "CamRlPosPath": "",
            "CheckPrecondition": "",
            "NDAEG": "",
            "POI": "NJHUB_POI_CAVELEFT",
            "add_to_navmesh": true,
            "camBehaviorDirectional": false,
            "camBehaviorPitch": false,
            "camBehaviorYaw": false,
            "camDir": "",
            "camGradSnap": false,
            "camLkDir": false,
            "camPitchAngleDown": 120.0,
            "camPitchAngleUp": 60.0,
            "camPrefersToFadeObject": true,
            "cancelBehaviorMovement": false,
            "carver_only": false,
            "create_physics": true,
            "custom_config_names": "POI\u001dcustom_script_client\u001dcustom_script_server\u001drenderDisabled",
            "custom_script_client": "",
            "custom_script_server": "",
            "fxpriority": 0,
            "ignoreCameraCollision": false,
            "interaction_distance": 16.0,
            "is_smashable": false,
            "loadOnClientOnly": false,
            "loadSrvrOnly": false,
            "navmesh_carver": false,
            "renderCullingGroup": 0,
            "renderDisabled": true,
            "respawnVol": false,
            "respawnVolName": "",
            "rlLeadIn": 1.0,
            "rlLeadOut": -1.0,
            "rspPos": "0.0000\u001f0.0000\u001f0.0000",
            "rspRot": "1.0000 \u001f 0.0000 \u001f 0.0000 \u001f 0.0000",
            "sceneIDOverride": 255,
            "sceneIDOverrideEnabled": false,
            "sceneLayerIDOverride": 0,
            "setsRailCam": false,
            "template": -1
          },
          "value_1": 1,
          "value_2": 0,
          "value_3": 0
        },
        {
          "id": 8796093032593,
          "lot": 14510,
          "pos": {
            "pos": {
              "x": -183.9898681640625,
              "y": 136.1488494873047,
              "z": -401.8230285644531
            },
            "rot": {
              "w": 0.9822871685028076,
              "x": 0.0,
              "y": -0.18738166987895966,
              "z": 0.0
            }
          },
          "scale": 1.0,
          "settings": {
            "CamRlBiasAmt": 0.0,
            "CamRlBiasBi": false,
            "CamRlBiasFwd": false,
            "CamRlBiasRet": false,
            "CamRlCamPath": "",
            "CamRlCamRetPath": "",
            "CamRlFaceTgt": true,
            "CamRlPosPath": "",
            "CheckPrecondition": "",
            "NDAEG": "",
            "add_to_navmesh": true,
            "camBehaviorDirectional": false,
            "camBehaviorPitch": false,
            "camBehaviorYaw": false,
            "camDir": "",
            "camGradSnap": false,
            "camLkDir": false,
            "camPitchAngleDown": 120.0,
            "camPitchAngleUp": 60.0,
            "camPrefersToFadeObject": true,
            "cancelBehaviorMovement": false,
            "carver_only": false,
            "create_physics": true,
            "custom_config_names": "custom_script_client\u001dcustom_script_server\u001drenderDisabled",
            "custom_script_client": "",
            "custom_script_server": "",
            "fxpriority": 0,
            "ignoreCameraCollision": false,
            "interaction_distance": 16.0,
            "is_smashable": false,
            "loadOnClientOnly": false,
            "loadSrvrOnly": false,
            "navmesh_carver": false,
            "primitiveModelAlpha": 1.0,
            "primitiveModelBlue": 127,
            "primitiveModelGreen": 255,
            "primitiveModelRed": 255,
            "primitiveModelType": 1,
            "primitiveModelValueX": 1.0,
            "primitiveModelValueY": 1.0,
            "primitiveModelValueZ": 1.0,
            "renderCullingGroup": 0,
            "renderDisabled": true,
            "respawnVol": false,
            "respawnVolName": "",
            "rlLeadIn": 1.0,
            "rlLeadOut": -1.0,
            "rspPos": "0.0000\u001f0.0000\u001f0.0000",
            "rspRot": "1.0000 \u001f 0.0000 \u001f 0.0000 \u001f 0.0000",
            "sceneIDOverride": 255,
            "sceneIDOverrideEnabled": false,
            "sceneLayerIDOverride": 0,
            "setsRailCam": false,
            "template": -1
          },
          "value_1": 1,
          "value_2": 0,
          "value_3": 0
        },
        {
          "id": 8796093032594,
          "lot": 4734,
          "pos": {
            "pos": {
              "x": -153.70736694335938,
              "y": 136.76461791992188,
              "z": -384.8474426269531
            },
            "rot": {
              "w": 0.9006982445716858,
              "x": 0.0,
              "y": 0.43444550037384033,
              "z": 0.0
            }
          },
          "scale": 4.880000114440918,
          "settings": {
            "CamRlBiasAmt": 0.0,
            "CamRlBiasBi": false,
            "CamRlBiasFwd": false,
            "CamRlBiasRet": false,
            "CamRlCamPath": "",
            "CamRlCamRetPath": "",
            "CamRlFaceTgt": true,
            "CamRlPosPath": "",
            "CheckPrecondition": "",
            "NDAEG": "",
            "add_to_navmesh": true,
            "camBehaviorDirectional": false,
            "camBehaviorPitch": false,
            "camBehaviorYaw": false,
            "camDir": "",
            "camGradSnap": false,
            "camLkDir": false,
            "camPitchAngleDown": 120.0,
            "camPitchAngleUp": 60.0,
            "camPrefersToFadeObject": true,
            "cancelBehaviorMovement": false,
            "carver_only": false,
            "create_physics": true,
            "custom_config_names": "custom_script_client\u001dcustom_script_server\u001drenderDisabled",
            "custom_script_client": "",
            "custom_script_server": "",
            "fxpriority": 0,
            "ignoreCameraCollision": true,
            "interaction_distance": 16.0,
            "is_smashable": false,
            "loadOnClientOnly": false,
            "loadSrvrOnly": false,
            "navmesh_carver": false,
            "renderCullingGroup": 0,
            "renderDisabled": true,
            "respawnVol": false,
            "respawnVolName": "",
            "rlLeadIn": 1.0,
            "rlLeadOut": -1.0,
            "rspPos": "0.0000\u001f0.0000\u001f0.0000",