{
  "chunks": [
    {
      "_type": 1000,
      "value_1": 7,
      "value_2": 64,
      "value_3": 368,
      "value_4": 0,
      "version": 48
    },
    {
      "_type": 2000,
      "floats": [
        10.0,
        0.5372549891471863,
        0.5843139886856079,
        0.7098039984703064,
        0.0,
        0.0,
        0.0,
        0.21176500618457794,
        0.7137259840965271,
        1.0,
        -0.5099999904632568,
        -0.8299999833106995,
        -0.2199999988079071,
        200.0,
        1000.0,
        3500.0,
        4000.0,
        8000.0,
        8000.0,
        200.0,
        1000.0,
        3500.0,
        4000.0,
        8000.0,
        8000.0
      ],
      "ids": [],
      "sky": [
        "mesh\\env\\NG_NinjaGo\\env_nj_mon_sky_core.nif",
        "(invalid)",
        "(invalid)",
        "(invalid)",
        "(invalid)",
        "(invalid)"
      ]
    },
    {
      "_type": 2001,
      "objects": [
        {
          "id": 19791209299981,
          "lot": 16516,
          "pos": {
            "pos": {
              "x": -317.2878112792969,
              "y": 100.00028228759766,
              "z": -97.77864074707031
            },
            "rot": {
              "w": 0.9443761706352234,
              "x": 0.0,
              "y": 0.3288672864437103,
              "z": 0.0
            }
          },
          "scale": 1.0,
          "settings": {
            "CheckPrecondition": "",
            "add_to_navmesh": true,
            "bounding_radius_override": 0.0,
            "camGradSnap": false,
            "camPrefersToFadeObject": false,
            "carver_only": false,
            "create_physics": true,
            "custom_config_names": "",
            "friction": 1.5,
            "fxpriority": 0,
            "ignoreCameraCollision": false,
            "interaction_distance": 16.0,
            "is_smashable": false,
            "loadOnClientOnly": false,
            "loadSrvrOnly": false,
            "navmesh_carver": false,
            "renderCullingGroup": 0,
            "sceneIDOverride": 72,
            "sceneIDOverrideEnabled": true,
            "sceneLayerIDOverride": 0,
            "template": -1
          },
          "value_1": 1,
          "value_2": 1,
          "value_3": 0
        }
      ]
    }
  ]
}
