{
  "chunks": [
    {
      "_type": 1000,
      "value_1": 123,
      "value_2": 64,
      "value_3": 352,
      "value_4": 0,
      "version": 48
    },
    {
      "_type": 2000,
      "floats": [
        10.0,
        0.4588235318660736,
        0.572549045085907,
        0.7098039388656616,
        1.0,
        1.0,
        1.0,
        1.0,
        0.7058823704719543,
        0.5372549295425415,
        -0.23000000417232513,
        -0.46000000834465027,
        0.8600000143051147,
        100.0,
        300.0,
        100.0,
        100.0,
        700.0,
        150.0,
        100.0,
        500.0,
        160.0,
        200.0,
        1100.0,
        300.0
      ],
      "ids": [],
      "sky": [
        "mesh\\env\\env_sky_won_nim_main.nif",
        "(invalid)",
        "(invalid)",
        "(invalid)",
        "(invalid)",
        "(invalid)"
      ]
    },
    {
      "_type": 2001,
      "objects": [
        {
          "id": 6322191914580,
          "lot": 7309,
          "pos": {
            "pos": {
              "x": -258.6488037109375,
              "y": 278.1395263671875,
              "z": 0.01985013484954834
            },
            "rot": {
              "w": 1.0,
              "x": 0.0,
              "y": 0.0,
              "z": 0.0
            }
          },
          "scale": 1.0,
          "settings": {
            "CheckPrecondition": "",
            "add_to_navmesh": true,
            "bounding_radius_override": 0.0,
            "camGradSnap": false,
            "camPrefersToFadeObject": false,
            "carver_only": false,
            "create_physics": true,
            "custom_config_names": "",
            "friction": 1.5,
            "fxpriority": 0,
            "ignoreCameraCollision": false,
            "interaction_distance": 16.0,
            "is_smashable": false,
            "loadOnClientOnly": false,
            "loadSrvrOnly": false,
            "navmesh_carver": false,
            "renderCullingGroup": 0,
            "sceneIDOverride": 23,
            "sceneIDOverrideEnabled": true,
            "sceneLayerIDOverride": 0,
            "template": -1
          },
          "value_1": 1,
          "value_2": 1,
          "value_3": 0
        }
      ]
    }
  ]
}
