{
  "map_description": "test",
  "map_filename": "nd_starbase3001.raw",
  "map_name": "test",
  "paths": [
    {
      "behavior": 1,
      "name": "PlatformLeft",
      "path_version": 17,
      "travel_sound": "{07625e7f-f95c-4da3-aa70-8e90997d39a8}",
      "type": 1,
      "value_1": 0,
      "waypoints": [
        {
          "arrive_sound": "{1a553717-f445-45da-ad55-7cdc1b4948ca}",
          "depart_sound": "{c65abc5d-7303-4394-bd86-702af6086f3e}",
          "lock_player": false,
          "pos": {
            "pos": {
              "x": 7.394674301147461,
              "y": 1565.505859375,
              "z": 168.62501525878906
            },
            "rot": {
              "w": 1.0,
              "x": 0.0,
              "y": 0.0,
              "z": 0.0
            }
          },
          "speed": 10.0,
          "wait": 3.0
        },
        {
          "arrive_sound": "{1a553717-f445-45da-ad55-7cdc1b4948ca}",
          "depart_sound": "{c65abc5d-7303-4394-bd86-702af6086f3e}",
          "lock_player": false,
          "pos": {
            "pos": {
              "x": 7.400850772857666,
              "y": 1531.2647705078125,
              "z": 168.62010192871094
            },
            "rot": {
              "w": 1.0,
              "x": 0.0,
              "y": 0.0,
              "z": 0.0
            }
          },
          "speed": 10.0,
          "wait": 3.0
        }
      ]
    },
    {
      "behavior": 1,
      "name": "PlatformRight",
      "path_version": 17,
      "travel_sound": "{07625e7f-f95c-4da3-aa70-8e90997d39a8}",
      "type": 1,
      "value_1": 0,
      "waypoints": [
        {
          "arrive_sound": "{1a553717-f445-45da-ad55-7cdc1b4948ca}",
          "depart_sound": "{c65abc5d-7303-4394-bd86-702af6086f3e}",
          "lock_player": false,
          "pos": {
            "pos": {
              "x": 97.87306213378906,
              "y": 1565.505859375,
              "z": 168.84490966796875
            },
            "rot": {
              "w": 1.0,
              "x": 0.0,
              "y": 0.0,
              "z": 0.0
            }
          },
          "speed": 10.0,
          "wait": 3.0
        },
        {
          "arrive_sound": "{1a553717-f445-45da-ad55-7cdc1b4948ca}",
          "depart_sound": "{c65abc5d-7303-4394-bd86-702af6086f3e}",
          "lock_player": false,
          "pos": {
            "pos": {
              "x": 97.87000274658203,
              "y": 1531.6649169921875,
              "z": 168.83999633789063
            },
            "rot": {
              "w": 1.0,
              "x": 0.0,
              "y": 0.0,
              "z": 0.0
            }
          },
          "speed": 10.0,
          "wait": 3.0
        }
      ]
    },
    {
      "behavior": 2,
      "name": "IntroCam_3",
      "next_path": "",
      "path_version": 17,
      "type": 3,
      "value_1": 0,
      "waypoints": [
        {
          "bias": 0.0,
          "continuity": 0.0,
          "pos": {
            "x": 234.36434936523438,
            "y": 1589.526611328125,
            "z": -349.3626403808594
          },
          "tension": 0.0,
          "time": 9.0,
          "value_1": -0.487935334444046,
          "value_2": -0.04593275487422943,
          "value_3": 0.8712981939315796,
          "value_4": 0.025472017005085945,
          "value_5": 31.999998092651367
        },
        {
          "bias": 0.0,
          "continuity": 0.0,
          "pos": {
            "x": -60.38222885131836,
            "y": 1533.8330078125,
            "z": -161.9130401611328
          },
          "tension": 0.0,
          "time": 2.5,
          "value_1": 0.812789261341095,
          "value_2": -0.03661305457353592,
          "value_3": -0.5790289640426636,
          "value_4": 0.052522044628858566,
          "value_5": 32.000003814697266
        }
      ]
    },
    {
      "behavior": 2,
      "name": "binoc_01",
      "next_path": "",
      "path_version": 17,
      "type": 3,
      "value_1": 0,
      "waypoints": [
        {
          "bias": 0.0,
          "continuity": 0.0,
          "pos": {
            "x": 36.131919860839844,
            "y": 1593.02197265625,
            "z": 124.99811553955078
          },
          "tension": 0.0,
          "time": 3.0,
          "value_1": 0.7193676233291626,
          "value_2": 0.20550896227359772,
          "value_3": -0.6202818155288696,
          "value_4": -0.2356412410736084,
          "value_5": 32.0
        },
        {
          "bias": 0.0,
          "continuity": 0.0,
          "pos": {
            "x": -2.6954216957092285,
            "y": 1599.2872314453125,
            "z": 182.59352111816406
          },
          "tension": 0.0,
          "time": 3.0,
          "value_1": 0.877289891242981,
          "value_2": 0.1171589121222496,
          "value_3": -0.26953625679016113,
          "value_4": -0.3794555068016052,
          "value_5": 32.0
        },
        {
          "bias": 0.0,
          "continuity": 0.0,
          "pos": {
            "x": -8.808319091796875,
            "y": 1580.186767578125,
            "z": 216.62161254882813
          },
          "tension": 0.0,
          "time": 0.0,
          "value_1": 0.9407674670219421,
          "value_2": 0.012468602508306503,
          "value_3": -0.03515229746699333,
          "value_4": -0.33699488639831543,
          "value_5": 32.0
        }
      ]
    },
    {
      "behavior": 2,
      "name": "binoc_02",
      "next_path": "",
      "path_version": 17,
      "type": 3,
      "value_1": 0,
      "waypoints": [
        {
          "bias": 0.0,
          "continuity": 0.0,
          "pos": {
            "x": 61.031063079833984,
            "y": 1598.2017822265625,
            "z": 125.61854553222656
          },
          "tension": 0.0,
          "time": 5.0,
          "value_1": 0.7837772965431213,
          "value_2": 0.043983589857816696,
          "value_3": -0.6170275211334229,
          "value_4": -0.05509747564792633,
          "value_5": 32.0
        },
        {
          "bias": 0.0,
          "continuity": 0.0,
          "pos": {
            "x": 17.089088439941406,
            "y": 1593.663330078125,
            "z": 216.17843627929688
          },
          "tension": 0.0,
          "time": 5.0,
          "value_1": 0.8067726492881775,
          "value_2": 0.05789120867848396,
          "value_3": -0.5825744867324829,
          "value_4": -0.07983385026454926,
          "value_5": 32.0
        },
        {
          "bias": 0.0,
          "continuity": 0.0,
          "pos": {
            "x": 64.24982452392578,
            "y": 1576.864990234375,
            "z": 194.01197814941406
          },
          "tension": 0.0,
          "time": 0.0,
          "value_1": -0.3112473785877228,
          "value_2": -0.037132877856492996,
          "value_3": 0.9495347142219543,
          "value_4": 0.011402386240661144,
          "value_5": 32.0
        }
      ]
    },
    {
      "behavior": 0,
      "name": "BroomBot",
      "path_version": 17,
      "type": 0,
      "value_1": 1,
      "waypoints": [
        {
          "config": {
            "delay": "5"
          },
          "pos": {
            "x": 8.320480346679688,
            "y": 1427.55029296875,
            "z": 222.54945373535156
          }
        },
        {
          "config": {
            "delay": "5"
          },
          "pos": {
            "x": 28.121585845947266,
            "y": 1427.5650634765625,
            "z": 147.9422149658203
          }
        },
        {
          "config": {
            "delay": "5"
          },
          "pos": {
            "x": 80.66873168945313,
            "y": 1427.5650634765625,
            "z": 160.01638793945313
          }
        },
        {
          "config": {
            "delay": "3"
          },
          "pos": {
            "x": 97.14421844482422,
            "y": 1427.4034423828125,