{
  "chunks": [
    {
      "_type": 1000,
      "value_1": 112,
      "value_2": 64,
      "value_3": 480,
      "value_4": 0,
      "version": 44
    },
    {
      "_type": 2000,
      "floats": [
        0.21176470816135406,
        0.27450981736183167,
        0.3686274588108063,
        1.0,
        1.0,
        1.0,
        1.0,
        1.0,
        1.0,
        -0.5299999713897705,
        -0.8199999928474426,
        -0.20999999344348907,
        100.0,
        400.0,
        100.0,
        100.0,
        100.0,
        350.0,
        100.0,
        400.0,
        800.0,
        100.0,
        100.0,
        350.0,
        1.5414283107572988e-44
      ],
      "ids": [],
      "sky": [
        "mesh\\env\\env_nx_auraMar_sky.nif",
        "(invalid)",
        "(invalid)",
        "(invalid)",
        "(invalid)",
        "(invalid)"
      ]
    },
    {
      "_type": 2001,
      "objects": [
        {
          "id": 13743895347243,
          "lot": 12975,
          "pos": {
            "pos": {
              "x": 18.307886123657227,
              "y": -15.015571594238281,
              "z": 10.717551231384277
            },
            "rot": {
              "w": 0.9999966621398926,
              "x": 0.0,
              "y": 0.0026167200412601233,
              "z": 0.0
            }
          },
          "scale": 1.0,
          "settings": {
            "CheckPrecondition": "",
            "NDAEG": "",
            "add_to_navmesh": true,
            "camBehaviorDirectional": false,
            "camBehaviorPitch": false,
            "camBehaviorYaw": false,
            "camGradSnap": false,
            "camPitchAngleDown": 120.0,
            "camPitchAngleUp": 60.0,
            "camPrefersToFadeObject": true,
            "cancelBehaviorMovement": false,
            "carver_only": false,
            "create_physics": true,
            "custom_config_names": "custom_script_client\u001dcustom_script_server\u001drenderDisabled",
            "custom_script_client": "",
            "custom_script_server": "",
            "fxpriority": 0,
            "ignoreCameraCollision": false,
            "interaction_distance": 16.0,
            "is_smashable": false,
            "loadOnClientOnly": false,
            "navmesh_carver": false,
            "renderCullingGroup": 0,
            "renderDisabled": true,
            "respawnVol": false,
            "respawnVolName": "",
            "rspPos": "0.0000\u001f0.0000\u001f0.0000",
            "rspRot": "1.0000 \u001f 0.0000 \u001f 0.0000 \u001f 0.0000",
            "sceneIDOverride": 50,
            "sceneIDOverrideEnabled": true,
            "sceneLayerIDOverride": 0,
            "template": -1
          },
          "value_1": 1,
          "value_2": 1,
          "value_3": 0
        },
        {
          "id": 13743895347244,
          "lot": 12074,
          "pos": {
            "pos": {
              "x": 303.9880065917969,
              "y": 76.34200286865234,
              "z": -25.249000549316406
            },
            "rot": {
              "w": 1.0,
              "x": 0.0,
              "y": 0.0,
              "z": 0.0
            }
          },
          "scale": 1.0,
          "settings": {
            "CheckPrecondition": "",
            "add_to_navmesh": true,
            "bounding_radius_override": 0.0,
            "camGradSnap": false,
            "camPrefersToFadeObject": false,
            "carver_only": false,
            "create_physics": true,
            "custom_config_names": "",
            "friction": 1.5,
            "fxpriority": 0,
            "ignoreCameraCollision": false,
            "interaction_distance": 16.0,
            "is_smashable": false,
            "loadOnClientOnly": false,
            "navmesh_carver": false,
            "renderCullingGroup": 0,
            "sceneIDOverride": 50,
            "sceneIDOverrideEnabled": true,
            "sceneLayerIDOverride": 0,
            "template": -1
          },
          "value_1": 1,
          "value_2": 1,
          "value_3": 0
        }
      ]
    }
  ]
}
