{
  "chunks": [
    {
      "_type": 1000,
      "value_1": 12,
      "value_2": 64,
      "value_3": 352,
      "value_4": 0,
      "version": 46
    },
    {
      "_type": 2000,
      "floats": [
        10.0,
        0.41960784792900085,
        0.6196078658103943,
        0.7490196228027344,
        1.0,
        1.0,
        1.0,
        1.0,
        1.0,
        1.0,
        0.0,
        -2500.0,
        1500.0,
        300.0,
        800.0,
        100.0,
        100.0,
        1000.0,
        350.0,
        300.0,
        500.0,
        100.0,
        100.0,
        1000.0,
        350.0
      ],
      "ids": [],
      "sky": [
        "mesh\\env\\env_sky_won_nim_hills.nif",
        "(invalid)",
        "(invalid)",
        "(invalid)",
        "(invalid)",
        "(invalid)"
      ]
    },
    {
      "_type": 2001,
      "objects": [
        {
          "id": 3023657007880,
          "lot": 13298,
          "pos": {
            "pos": {
              "x": 649.1910400390625,
              "y": 376.3235778808594,
              "z": -431.5702209472656
            },
            "rot": {
              "w": -0.1407160460948944,
              "x": 0.1718544214963913,
              "y": 0.7121296525001526,
              "z": -0.6659852862358093
            }
          },
          "scale": 1.0,
          "settings": {
            "CheckPrecondition": "",
            "add_to_navmesh": true,
            "bounding_radius_override": 0.0,
            "camGradSnap": false,
            "camPrefersToFadeObject": true,
            "carver_only": false,
            "create_physics": true,
            "custom_config_names": "",
            "friction": 10.0,
            "fxpriority": 0,
            "ignoreCameraCollision": false,
            "interaction_distance": 16.0,
            "is_smashable": false,
            "loadOnClientOnly": false,
            "loadSrvrOnly": false,
            "navmesh_carver": false,
            "renderCullingGroup": 0,
            "sceneIDOverride": 0,
            "sceneIDOverrideEnabled": false,
            "sceneLayerIDOverride": 0,
            "template": -1
          },
          "value_1": 1,
          "value_2": 1,
          "value_3": 0
        },
        {
          "id": 3023657007881,
          "lot": 176,
          "pos": {
            "pos": {
              "x": 650.6256713867188,
              "y": 358.5235900878906,
              "z": -444.8089599609375
            },
            "rot": {
              "w": 1.0,
              "x": 0.0,
              "y": 0.0,
              "z": 0.0
            }
          },
          "scale": 1.0,
          "settings": {
            "CamRlCamPath": "",
            "CamRlFaceTgt": true,
            "CamRlPosPath": "",
            "CheckPrecondition": "",
            "NDAEG": "",
            "SmashableDoesNotCutNavmesh": false,
            "add_to_navmesh": true,
            "camBehaviorDirectional": false,
            "camBehaviorPitch": false,
            "camBehaviorYaw": false,
            "camGradSnap": false,
            "camPitchAngleDown": 120.0,
            "camPitchAngleUp": 60.0,
            "camPrefersToFadeObject": true,
            "cancelBehaviorMovement": false,
            "carver_only": false,
            "collectible_id": 16,
            "create_physics": true,
            "currency": 0,
            "custom_config_names": "",
            "explode_factor": 1.0,
            "fxpriority": 0,
            "gravFactor": 1.0,
            "grpNameQBShowBricks": "",
            "ignoreCameraCollision": false,
            "interaction_distance": 16.0,
            "is_smashable": false,
            "loadOnClientOnly": false,
            "max_to_spawn": -1,
            "name": "",
            "navmesh_carver": false,
            "no_auto_spawn": true,
            "no_timed_spawn": true,
            "override_faction": false,
            "radius": 0.0,
            "renderCullingGroup": 0,
            "respawn": 20000,
            "respawnVol": false,
            "respawnVolName": "",
            "rlLeadIn": 1.0,
            "rlLeadOut": -1.0,
            "rspPos": "0.0000\u001f0.0000\u001f0.0000",
            "rspRot": "1.0000 \u001f 0.0000 \u001f 0.0000 \u001f 0.0000",
            "sceneIDOverride": 255,
            "sceneIDOverrideEnabled": false,
            "sceneLayerIDOverride": 0,
            "set_faction": "25 ",
            "setsRailCam": false,
            "smashable_loot_matrix": -1,
            "smashable_loot_matrix_set": false,
            "spawner_active_on_load": true,
            "spawntemplate": 2211,
            "startsQBActivator": false,
            "template": -1,
            "usetetherdb": true,
            "usewanderdb": true
          },
          "value_1": 2,
          "value_2": 0,
          "value_3": 0
        },
        {
          "id": 3023657007882,
          "lot": 4734,
          "pos": {
            "pos": {
              "x": 736.2606811523438,
              "y": 338.72344970703125,
              "z": -448.8868103027344
            },
            "rot": {
              "w": 0.001743786851875484,
              "x": 0.0,
              "y": 0.9999985694885254,
              "z": 0.0
            }
          },
          "scale": 13.55000114440918,
          "settings": {
            "CamRlCamPath": "",
            "CamRlFaceTgt": true,
            "CamRlPosPath": "",
            "CheckPrecondition": "",
            "NDAEG": "",
            "add_to_navmesh": true,
            "camBehaviorDirectional": false,
            "camBehaviorPitch": false,
            "camBehaviorYaw": false,
            "camGradSnap": false,
            "camPitchAngleDown": 120.0,
            "camPitchAngleUp": 60.0,
            "camPrefersToFadeObject": true,
            "cancelBehaviorMovement": false,
            "carver_only": false,
            "create_physics": true,
            "custom_config_names": "custom_script_client\u001dcustom_script_server\u001drenderDisabled",
            "custom_script_client": "",
            "custom_script_server": "",
            "fxpriority": 0,
            "ignoreCameraCollision": true,
            "interaction_distance": 16.0,
            "is_smashable": false,
            "loadOnClientOnly": false,
            "navmesh_carver": false,
            "renderCullingGroup": 0,
            "renderDisabled": true,
            "respawnVol": true,
            "respawnVolName": "",
            "rlLeadIn": 1.0,
            "rlLeadOut": -1.0,
            "rspPos": "736.2607\u001f338.7234\u001f-448.8868",
            "rspRot": "1.0000 \u001f 0.0000 \u001f 0.0000 \u001f 0.0000",
            "sceneIDOverride": 11,
            "sceneIDOverrideEnabled": true,
            "sceneLayerIDOverride": 0,
            "setsRailCam": false,
            "template": -1
          },
          "value_1": 1,
          "value_2": 1,
          "value_3": 0
        }
      ]
    }
  ]
}
