{
  "chunks": [
    {
      "_type": 1000,
      "value_1": 13,
      "value_2": 64,
      "value_3": 352,
      "value_4": 0,
      "version": 46
    },
    {
      "_type": 2000,
      "floats": [
        10.0,
        0.41960784792900085,
        0.6196078658103943,
        0.7490196228027344,
        1.0,
        1.0,
        1.0,
        1.0,
        1.0,
        1.0,
        0.0,
        -2500.0,
        1500.0,
        300.0,
        800.0,
        100.0,
        100.0,
        1000.0,
        350.0,
        300.0,
        500.0,
        100.0,
        100.0,
        1000.0,
        350.0
      ],
      "ids": [],
      "sky": [
        "mesh\\env\\env_sky_won_nim_hills.nif",
        "(invalid)",
        "(invalid)",
        "(invalid)",
        "(invalid)",
        "(invalid)"
      ]
    },
    {
      "_type": 2001,
      "objects": [
        {
          "id": 4672924418148,
          "lot": 6424,
          "pos": {
            "pos": {
              "x": 1211.7447509765625,
              "y": 225.13265991210938,
              "z": -634.7415161132813
            },
            "rot": {
              "w": 0.9989538788795471,
              "x": -0.03754865378141403,
              "y": -0.0007614524220116436,
              "z": 0.0260931383818388
            }
          },
          "scale": 0.5300003290176392,
          "settings": {
            "CheckPrecondition": "",
            "add_to_navmesh": true,
            "bounding_radius_override": 0.0,
            "camGradSnap": false,
            "camPrefersToFadeObject": true,
            "carver_only": false,
            "create_physics": true,
            "custom_config_names": "",
            "friction": 1.5,
            "fxpriority": 0,
            "ignoreCameraCollision": true,
            "interaction_distance": 16.0,
            "is_smashable": false,
            "loadOnClientOnly": false,
            "loadSrvrOnly": false,
            "navmesh_carver": false,
            "renderCullingGroup": 0,
            "sceneIDOverride": 0,
            "sceneIDOverrideEnabled": false,
            "sceneLayerIDOverride": 0,
            "template": -1
          },
          "value_1": 1,
          "value_2": 1,
          "value_3": 0
        },
        {
          "id": 4672924418149,
          "lot": 6424,
          "pos": {
            "pos": {
              "x": 1252.0123291015625,
              "y": 225.14158630371094,
              "z": -561.3488159179688
            },
            "rot": {
              "w": 0.2594491243362427,
              "x": 0.038672707974910736,
              "y": 0.9647845029830933,
              "z": 0.01953652873635292
            }
          },
          "scale": 0.5300003290176392,
          "settings": {
            "CheckPrecondition": "",
            "add_to_navmesh": true,
            "bounding_radius_override": 0.0,
            "camGradSnap": false,
            "camPrefersToFadeObject": true,
            "carver_only": false,
            "create_physics": true,
            "custom_config_names": "",
            "friction": 1.5,
            "fxpriority": 0,
            "ignoreCameraCollision": true,
            "interaction_distance": 16.0,
            "is_smashable": false,
            "loadOnClientOnly": false,
            "loadSrvrOnly": false,
            "navmesh_carver": false,
            "renderCullingGroup": 0,
            "sceneIDOverride": 0,
            "sceneIDOverrideEnabled": false,
            "sceneLayerIDOverride": 0,
            "template": -1
          },
          "value_1": 1,
          "value_2": 1,
          "value_3": 0
        },
        {
          "id": 4672924418150,
          "lot": 176,
          "pos": {
            "pos": {
              "x": 1228.2943115234375,
              "y": 221.89999389648438,
              "z": -618.6231079101563
            },
            "rot": {
              "w": 1.0,
              "x": 0.0,
              "y": 0.0,
              "z": 0.0
            }
          },
          "scale": 1.0,
          "settings": {
            "CheckPrecondition": "",
            "add_to_navmesh": true,
            "allowPosSnap": true,
            "attached_path": "Transition5Platform1",
            "attached_path_start": 0,
            "bounding_radius_override": 0.0,
            "camGradSnap": false,
            "camPrefersToFadeObject": true,
            "carver_only": false,
            "create_physics": true,
            "custom_config_names": "",
            "friction": 1.5,
            "fxpriority": 0,
            "ignoreCameraCollision": false,
            "interaction_distance": 16.0,
            "is_smashable": false,
            "loadOnClientOnly": false,
            "loadSrvrOnly": false,
            "maxLerpDist": 4.0,
            "maxSpeedMultiplier": 2.0,
            "max_to_spawn": -1,
            "navmesh_carver": false,
            "no_auto_spawn": true,
            "no_timed_spawn": true,
            "platformIsMover": true,
            "platformIsRotater": false,
            "platformIsSimpleMover": false,
            "platformNoUpdateSync": false,
            "platformSoundStart": "",
            "platformSoundStop": "",
            "platformSoundTravel": "",
            "radius": 0.0,
            "renderCullingGroup": 0,
            "respawn": 20000,
            "sceneIDOverride": 0,
            "sceneIDOverrideEnabled": false,
            "sceneLayerIDOverride": 0,
            "spawner_active_on_load": true,
            "spawntemplate": 12843,
            "startPathingOnLoad": true,
            "template": -1,
            "useClientLatency": true
          },
          "value_1": 1,
          "value_2": 1,
          "value_3": 0
        },
        {
          "id": 4672924418151,
          "lot": 176,
          "pos": {
            "pos": {
              "x": 1246.101806640625,
              "y": 221.89999389648438,
              "z": -587.3331909179688
            },
            "rot": {
              "w": 1.0,
              "x": 0.0,
              "y": 0.0,
              "z": 0.0
            }
          },
          "scale": 1.0,
          "settings": {
            "CheckPrecondition": "",
            "add_to_navmesh": true,
            "allowPosSnap": true,
            "attached_path": "Transition5Platform2",
            "attached_path_start": 0,
            "bounding_radius_override": 0.0,
            "camGradSnap": false,
            "camPrefersToFadeObject": true,
            "carver_only": false,
            "create_physics": true,
            "custom_config_names": "",
            "friction": 1.5,
            "fxpriority": 0,
            "ignoreCameraCollision": false,
            "interaction_distance": 16.0,
            "is_smashable": false,
            "loadOnClientOnly": false,
            "loadSrvrOnly": false,
            "maxLerpDist": 4.0,
            "maxSpeedMultiplier": 2.0,
            "max_to_spawn": -1,
            "navmesh_carver": false,
            "no_auto_spawn": true,
            "no_timed_spawn": true,
            "platformIsMover": true,
            "platformIsRotater": false,
            "platformIsSimpleMover": false,
            "platformNoUpdateSync": false,
            "platformSoundStart": "",
            "platformSoundStop": "",
            "platformSoundTravel": "",
            "radius": 0.0,
            "renderCullingGroup": 0,
            "respawn": 20000,
            "sceneIDOverride": 0,
            "sceneIDOverrideEnabled": false,
            "sceneLayerIDOverride": 0,
            "spawner_active_on_load": true,
            "spawntemplate": 12843,
            "startPathingOnLoad": true,
            "template": -1,
            "useClientLatency": true
          },
          "value_1": 1,
          "value_2": 1,
          "value_3": 0
        },
        {
          "id": 4672924418152,
          "lot": 176,
          "pos": {
            "pos": {
              "x": 1237.2874755859375,
              "y": 232.38168334960938,