{
  "chunks": [
    {
      "_type": 1000,
      "value_1": 11,
      "value_2": 64,
      "value_3": 0,
      "value_4": 352,
      "version": 45
    },
    {
      "_type": 2000,
      "floats": [
        10.0,
        0.41960784792900085,
        0.6196078658103943,
        0.7490196228027344,
        1.0,
        1.0,
        1.0,
        1.0,
        1.0,
        1.0,
        0.0,
        -2500.0,
        1500.0,
        300.0,
        800.0,
        100.0,
        100.0,
        1000.0,
        350.0,
        300.0,
        500.0,
        100.0,
        100.0,
        1000.0,
        350.0
      ],
      "ids": [],
      "sky": [
        "mesh\\env\\env_sky_won_nim_hills.nif",
        "(invalid)",
        "(invalid)",
        "(invalid)",
        "(invalid)",
        "(invalid)"
      ]
    },
    {
      "_type": 2002
    }
  ]
}
