{
  "chunks": [
    {
      "_type": 1000,
      "value_1": 12,
      "value_2": 64,
      "value_3": 352,
      "value_4": 0,
      "version": 46
    },
    {
      "_type": 2000,
      "floats": [
        10.0,
        0.41960784792900085,
        0.6196078658103943,
        0.7490196228027344,
        1.0,
        1.0,
        1.0,
        1.0,
        1.0,
        1.0,
        0.0,
        -2500.0,
        1500.0,
        300.0,
        800.0,
        100.0,
        100.0,
        1000.0,
        350.0,
        300.0,
        500.0,
        100.0,
        100.0,
        1000.0,
        350.0
      ],
      "ids": [],
      "sky": [
        "mesh\\env\\env_sky_won_nim_hills.nif",
        "(invalid)",
        "(invalid)",
        "(invalid)",
        "(invalid)",
        "(invalid)"
      ]
    },
    {
      "_type": 2001,
      "objects": [
        {
          "id": 2748779198297,
          "lot": 13298,
          "pos": {
            "pos": {
              "x": 637.6219482421875,
              "y": 338.4461364746094,
              "z": -632.2911376953125
            },
            "rot": {
              "w": 0.7181015610694885,
              "x": 0.0075221313163638115,
              "y": 0.6947288513183594,
              "z": 0.04031762480735779
            }
          },
          "scale": 1.0,
          "settings": {
            "CheckPrecondition": "",
            "add_to_navmesh": true,
            "bounding_radius_override": 0.0,
            "camGradSnap": false,
            "camPrefersToFadeObject": true,
            "carver_only": false,
            "create_physics": true,
            "custom_config_names": "",
            "friction": 10.0,
            "fxpriority": 0,
            "ignoreCameraCollision": false,
            "interaction_distance": 16.0,
            "is_smashable": false,
            "loadOnClientOnly": false,
            "loadSrvrOnly": false,
            "navmesh_carver": false,
            "renderCullingGroup": 0,
            "sceneIDOverride": 0,
            "sceneIDOverrideEnabled": false,
            "sceneLayerIDOverride": 0,
            "template": -1
          },
          "value_1": 1,
          "value_2": 1,
          "value_3": 0
        },
        {
          "id": 2748779198298,
          "lot": 176,
          "pos": {
            "pos": {
              "x": 714.448974609375,
              "y": 354.8554992675781,
              "z": -638.0592651367188
            },
            "rot": {
              "w": 1.0,
              "x": 0.0,
              "y": 0.0,
              "z": 0.0
            }
          },
          "scale": 1.0,
          "settings": {
            "CamRlCamPath": "",
            "CamRlFaceTgt": true,
            "CamRlPosPath": "",
            "CheckPrecondition": "",
            "NDAEG": "",
            "SmashableDoesNotCutNavmesh": false,
            "add_to_navmesh": true,
            "camBehaviorDirectional": false,
            "camBehaviorPitch": false,
            "camBehaviorYaw": false,
            "camGradSnap": false,
            "camPitchAngleDown": 120.0,
            "camPitchAngleUp": 60.0,
            "camPrefersToFadeObject": true,
            "cancelBehaviorMovement": false,
            "carver_only": false,
            "collectible_id": 15,
            "create_physics": true,
            "currency": 0,
            "custom_config_names": "",
            "explode_factor": 1.0,
            "fxpriority": 0,
            "gravFactor": 1.0,
            "grpNameQBShowBricks": "",
            "ignoreCameraCollision": false,
            "interaction_distance": 16.0,
            "is_smashable": false,
            "loadOnClientOnly": false,
            "max_to_spawn": -1,
            "name": "",
            "navmesh_carver": false,
            "no_auto_spawn": true,
            "no_timed_spawn": true,
            "override_faction": false,
            "radius": 0.0,
            "renderCullingGroup": 0,
            "respawn": 20000,
            "respawnVol": false,
            "respawnVolName": "",
            "rlLeadIn": 1.0,
            "rlLeadOut": -1.0,
            "rspPos": "0.0000\u001f0.0000\u001f0.0000",
            "rspRot": "1.0000 \u001f 0.0000 \u001f 0.0000 \u001f 0.0000",
            "sceneIDOverride": 255,
            "sceneIDOverrideEnabled": false,
            "sceneLayerIDOverride": 0,
            "set_faction": "25 ",
            "setsRailCam": false,
            "smashable_loot_matrix": -1,
            "smashable_loot_matrix_set": false,
            "spawner_active_on_load": true,
            "spawntemplate": 2211,
            "startsQBActivator": false,
            "template": -1,
            "usetetherdb": true,
            "usewanderdb": true
          },
          "value_1": 2,
          "value_2": 0,
          "value_3": 0
        }
      ]
    }
  ]
}
